{"cameraMode":{"drawMode":0,"name":"Shaded","section":"Shading Mode"},"sceneLighting":true,"audioPlay":false,"sceneViewState":{"showFog":true,"showMaterialUpdate":false,"showSkybox":true,"showFlares":true,"showImageEffects":true,"showParticleSystems":true},"in2DMode":false,"pivot":{"x":214.45042419433595,"y":168.57655334472657,"z":225.89804077148438},"rotation":{"x":-0.027780069038271905,"y":0.8310104012489319,"z":-0.554004430770874,"w":-0.04166962206363678},"size":2.5768587589263918,"orthographic":false}