{"cameraMode":{"drawMode":0,"name":"Shaded","section":"Shading Mode"},"sceneLighting":true,"audioPlay":false,"sceneViewState":{"showFog":true,"showMaterialUpdate":false,"showSkybox":true,"showFlares":true,"showImageEffects":true,"showParticleSystems":true},"in2DMode":false,"pivot":{"x":567.0177001953125,"y":49.622100830078128,"z":781.1112060546875},"rotation":{"x":0.12354831397533417,"y":-0.5495635271072388,"z":0.08250317722558975,"w":0.8221849799156189},"size":293.278564453125,"orthographic":false}